{"pattern-FoNN":
    {
        "value": {
            "type": "object",
            "properties": {
                "pattern_id": {"type": "string"},
                "pattern_content": {"type": "string"},
                "pattern_type": {"type": "string"},
                "pattern_frequency": {"type": "number"},
                "pattern_length": {"type": "number"},
                "pattern_location": {"type": "string"}
            },
            "required": ["pattern_id", "pattern_content", "pattern_type", "pattern_frequency", "pattern_length", "pattern_location"]
        },
        "dense": false,
        "description": "FoNN-Patterns"
    }
}